caseÂ #,charge_description,charge_status,bail_amount,bond_type,court_date,court_time,court_of_jurisdiction
17ba-cr01741,sexual_abuse_-_2nd_degree,,"7,500.00",cash,12/13/2019,10:30,d09
17ba-cr01741,"assault_-_4th_degree_-_pursuant_to_subdivisions_(3),_(6)",,"7,500.00",cash,12/13/2019,10:30,d09
17ba-cr03831,sexual_misconduct_-_1st_degree_-_1st_offense,,"1,000.00",c/s,12/13/2019,10:30,d09
17ba-cr04335,sexual_misconduct_-_1st_degree_-_1st_offense,,500.00,c/s,12/13/2019,10:30,d09
18ba-cr00224,sexual_misconduct_-_1st_degree_-_2nd_or_subsequent,,"2,000.00",c/s,12/13/2019,10:30,d09
19ba-cr03778,harassment_-_1st_degree,,"7,500.00",c/s,04/10/2020,13:30,d05
19ba-cr03778,resisting/interfering_with_arrest_for_a_felony,,"7,500.00",c/s,04/08/2020,13:30,d05
20ba-cr00008,fta-tampering_with_m/v_1st,,"9,000.00",c/s,05/12/2020,13:00,d11
17ba-cr04356-01,prob-trafficking,,.00,nobd,06/01/2020,13:30,d01
20ba-cr00007,bond_revo_resisting/c&i_drive-dwr_1st,,"2,500.00",c/s,,,d11
20ba-cr01309,fojo/_orig:poss_cont_sub,,100.00,c/s,05/08/2020,13:30,d01
19ba-cr05137,fojo/_orig:_tampering_moto_veh,,100.00,c/s,05/08/2020,13:30,d01
20ba-cr01309,possession_of_controlled_substance_except_35_grams_or_less_o,,100.00,c/s,06/18/2020,09:00,
19ba-cr05137,tampering_with_motor_vehicle_-_1st_degree,,100.00,c/s,06/18/2020,09:00,
20ba-cr01446,tampering_with_motor_vehicle_-_1st_degree,,"10,000.00",c/s,06/18/2020,09:00,d09
19ba-cr01663-01,p&p_hold_(jail)_prob_burglary_2nd,,"1,000.00",c/s,06/01/2020,09:00,d03
17co-cr00666,ooc_war:fta:non_support_cooper_co,,500.00,cash,,,oth
18ba-cr04443-01,"unlawful_poss_f/a,_stealing_-_firearm",,"75,000.00",cash,03/16/2020,13:30,d02
19ba-cr04206,possession_of_controlled_substance_except_35_grams_or_less_o,,"50,000.00",c/s,06/10/2020,13:30,d02
19ba-cr03797-01,harassment_-_1st_degree,,"50,000.00",c/s,02/10/2020,13:30,d02
19ba-cr05590-01,armed_criminal_action,,.00,cash,02/03/2020,13:30,
19bacr02203,fta-dur/dus,,250.00,c/s,06/25/2020,13:30,d05
19ba-cr02200,"fta-resisting,_dur/dus,_f/t_reg_mtr_veh",,"4,000.00",c/s,03/18/2020,13:30,d05
19ba-cr05590-01,assault_1st_degree_-_serious_physical_injury_spec_victim,,"1,000,000.00",cash,02/03/2020,13:30,
19ba-cr05590-01,unlawful_use_of_weapon-subsection_9-shoot_at/from_mv,,.00,cash,02/03/2020,13:30,
19ba-cr05590-01,property_damage_1st_degree_-_l/e_or_relative,,.00,cash,02/03/2020,13:30,
19ba-cr05590-01,resisting_arrest/detention/stop_by_fleeing_-_creating_a_subs,,.00,cash,02/03/2020,13:30,
19ba-cr05593-01,tampering_with_motor_vehicle_-_1st_degree,,"100,000.00",cash,02/03/2020,13:30,
19ba-cr05593-01,resisting_or_interfering_with_arrest/detention/stop,,.00,cash,04/30/2020,14:00,
20ba-cr00641,delivery_or_possession_of_weapon_at_county/private_jail/corr,,.00,nobd,06/25/2020,14:00,
20ba-cr00641,damage_to_jail/jail_property,,.00,nobd,06/25/2020,14:00,
20ba-cr00641,escape_or_attempted_escape_from_custody_while_under_arrest_f,,.00,nobd,06/25/2020,13:30,
20ba-cr01671,unlawful_possession_of_a_firearm,,"50,000.00",c/s,05/19/2020,13:30,
17ba-cr00332-01,probation_violation_(unlaw_poss_firearm),,"4,500.00",c/s,05/18/2020,13:30,
170226669,ooc_jcpd_driving_while_suspended,,.00,ror,07/08/2020,08:30,
18accr01341,ooc_cole_co_fta_unlawful_poss_weapon,,"5,000.00",c/s,06/12/2020,09:00,
20ba-cr01671,possession_of_controlled_substance_except_35_grams_or_less_o,,.00,c/s,05/19/2020,13:30,
20ba-cr01671,unlawful_use_of_weapon_-_subsection_11_-_possess_weapon_and,,.00,c/s,05/19/2020,13:30,
20ba-cr01671,resisting_or_interfering_with_arrest/detention/stop,,.00,c/s,05/19/2020,13:30,
19ba-cr01473-01,rape_or_attempted_rape_-_1st_degree_-_aggravated_sexual_offe,,.00,nobd,12/17/2019,09:00,d04
1822-cr01774,ooc_warrant(jail)/st_louis_metro,,"9,999.00",cash,,,
20ba-cr00118-01,possession_of_child_pornography_-_2nd/subsequent_offense,,"25,000.00",c/s,05/11/2020,13:30,
20ba-cr00118-01,fl_to_reg_as_sex_offndr/589.400-.425_undrlyng_ofns_unclassfd,,"25,000.00",c/s,05/11/2020,13:30,
19ba-cr03653,ftf:_trespass_1st,,"2,000.00",c/s,03/25/2020,09:00,d05
19ba-cr02251,ftf:_dom_asslt_4th,,"2,000.00",c/s,01/30/2020,14:00,d05
19ba-cr04400-01,domestic_assault_-_2nd_degree,,"50,000.00",cash,03/02/2020,13:30,d11
19ba-cr03652-01,ftf:_dv3/stalking_1st,,"50,000.00",c/s,02/03/2020,13:30,d05
19ba-cr04140-01,rape_or_attempted_rape_-_1st_degree_-_aggravated_sexual_offe,,"200,000.00",cash,02/10/2020,13:30,d09
19-3037-mj-wje,us_marshal_hold_(jail),,.00,nobd,,,oth
19ba-cr02419,bond_revocation_(jail)/burg_2nd,,"20,000.00",c/s,09/25/2019,13:30,d09
20ba-cr01469,possession_of_controlled_substance_except_35_grams_or_less_o,,.00,c/s,05/27/2020,13:00,
20ba-cr01469,tampering_with_motor_vehicle_-_1st_degree,,"20,000.00",c/s,05/27/2020,13:00,
19ba-cr04811-01,reckless_burning_or_exploding,,"15,000.00",c/s,03/02/2020,13:30,d11
19ba-cr04811-01,burglary_1st_degree,,.00,c/s,03/02/2020,13:30,d11
19ba-cr04811-01,stealing_-_value_less_than_$150_and_no_prior_stealing_offens,,.00,c/s,03/02/2020,13:30,
20ba-cr00616-01,resisting/interfering_with_arrest_for_a_felony,,.00,nobd,03/16/2020,09:00,
20ba-cr00616-01,operated_a_motor_vehicle_in_a_careless_and_imprudent_manneri,,.00,nobd,03/16/2020,09:00,
16ba-cr01626-01,fta-forgery,,"20,000.00",c/s,03/16/2020,13:30,
15ba-cr01789-01,fta-tamp_w/_motor_veh,,"20,000.00",c/s,03/16/2020,13:30,
17ba-cr02117-01,fta-terrorist_threat_2nd,,"5,000.00",c/s,03/16/2020,13:30,
16mn-cr00153-01,monroe/forgery,,"20,000.00",cash,,,
19ba-cr01541-01,statutory_sodomy_or_attempted_statutory_sodomy_-_deviate_sex,,"100,000.00",cash,10/31/2019,14:00,
19ba-cr02661-01,armed_criminal_action,,"250,000.00",cash,05/11/2020,13:30,
19ba-cr02661-01,assault_1st_degree_-_serious_physical_injury_spec_victim,,"250,000.00",cash,05/11/2020,13:30,
19ba-cr02661-01,murder_2nd_degree_-_felony_murder_-_during_perpetration/atte,,"500,000.00",cash,05/11/2020,13:30,
20ba-cr01031,unlawful_possession_of_a_firearm,,"1,500.00",c/s,03/12/2020,13:30,
20ba-cr01648,assault_1st_degree_-_serious_physical_injury_spec_victim,,"200,000.00",cash,05/19/2020,13:00,
20ba-cr01648,armed_criminal_action,,.00,cash,05/19/2020,13:00,
20ba-cr01648,discharge/shoot_firearm_at_or_from_motor_vehicle,,.00,cash,05/19/2020,13:00,
20ba-cr00659,tampering_with_motor_vehicle_-_1st_degree,,"25,000.00",c/s,03/09/2020,13:30,d11
20ba-cr00659,resisting/interfering_with_arrest_for_a_felony,,.00,c/s,03/09/2020,13:30,d11
20ba-cr00659,operated_a_motor_vehicle_in_a_careless_and_imprudent_manner,,.00,c/s,03/09/2020,13:30,d11
19ba-cr03850,delivery_of_controlled_substance_except_35_grams_or_less_of,,"10,000.00",cash,03/16/2020,13:30,d05
19ba-cr03850,delivery_of_controlled_substance_except_35_grams_or_less_of,,"10,000.00",cash,10/30/2019,09:00,d05
19ba-cr03850,delivery_of_controlled_substance_except_35_grams_or_less_of,,"10,000.00",cash,10/30/2019,09:00,d05
18ba-cr02851-01,bond_revocation/dv2/uuw/dv3,,"30,000.00",c/s,09/09/2019,13:30,d04
19ba-cr05325,possession_of_child_pornography_-_2nd/subsequent_offense,,"50,000.00",cash,04/13/2020,13:30,
19ba-cr05325,possession_of_child_pornography_-_2nd/subsequent_offense,,"50,000.00",cash,04/13/2020,13:30,d05
20ba-cr01530,assault_1st_degree_or_attempt,,"500,000.00",cash,06/11/2020,14:00,
20ba-cr01530,armed_criminal_action,,.00,cash,06/11/2020,14:00,
20ba-cr01530,unlawful_use_of_weapon-subsection_9-shoot_at/from_motor_veh,,.00,cash,06/11/2020,14:00,
14cocr0003901,ooc_warrant_-_cooper_co_-_prob_viol:_poss_cont_subs,,"2,500.00",c/s,,,
16ba-cr02213-01,prob_viol:_poss_cont_subs,,"5,000.00",cash,05/19/2020,13:00,d04
19ba-cr00196-01,unlawful_use_of_weapon_-_subsection_4_-_exhibiting,,"60,000.00",cash,,,d02
170230527,out_of_county_warrant/jcpd,,"1,000.00",c/s,,,oth
19accr01240,ooc_warrant_-_cole_co_-_fta:_poss_cont_subs,,500.00,c/s,,,
204020crcbcw,atf_warr_user_cont_subt_poss_firearm,,.00,nobd,,,fed
20ba-cr00519,assault_1st_degree_or_attempt,,"150,000.00",cash,04/23/2020,13:30,
20ba-cr00519,armed_criminal_action,,.00,cash,04/23/2020,13:30,
20ba-cr00519,unlawful_use_of_weapon-subsection_9-shoot_at/from_mv,,.00,cash,04/23/2020,13:30,
19ba-cr04359,assault_-_2nd_degree,,.00,nobd,03/11/2020,09:00,d11
213_122_629,immigration_detainer_(jail),,.00,nobd,,,fed
19ba-cr04359,assault_1st_degree_-_serious_physical_injury_spec_victim,,.00,nobd,03/11/2020,09:00,d11
19ba-cr04359,armed_criminal_action,,.00,nobd,03/11/2020,09:00,d11
15ba-cr02294-01,fta_driving_while_revoked_or_suspended_&_thief_/_stealing,,"7,500.00",c/s,05/11/2020,13:30,
15ba-cr02288-01,"fta_(pcs,_poss_marij,_dwi_drug_persist)",,"7,500.00",c/s,05/11/2020,13:30,
14ba-cr04128-01,fta_(pcs_x2),,"7,500.00",c/s,05/11/2020,13:30,
14ba-cr03047-01,"fta:_pcs_marij_35g_or_less,_dwi-drug_intoxication",,"7,500.00",c/s,05/11/2020,13:30,d02
20ba-cr01488-01,resisting/interfering_with_arrest_for_a_felony,,"1,000.00",c/s,05/11/2020,13:30,d11
18ba-cr04238-01,p&p_hold_(jail)/_orig:_burg_2nd/possess_cont_sub/resisting,,"7,500.00",c/s,05/11/2020,13:30,d11
19cm-cr01152-01,ooc/_camden_co/_prob_viol/_tamp_w/_airplane/_motorboat_1st,,.00,nobd,,,oth
18ba-cr03041-01,endangering_the_welfare_of_a_child_creating_substantial_risk,,"100,000.00",cash,01/13/2020,13:30,
18ba-cr03041-01,sexual_trafficking_of_a_child_-_2nd_deg_-_under_18_yoa,,"100,000.00",cash,01/13/2020,13:30,
19ba-cr03265-01,murder_2nd_degree,,"1,000,000.00",cash,03/09/2020,13:30,d11
18ba-cr03837,"assault_-_4th_degree_-_pursuant_to_subdivisions_(3),_(6)_-_s",,"5,000.00",c/s,11/07/2019,14:00,d05
18ba-cr01085,resisting_arrest/detention/stop_by_fleeing_-_creating_a_subs,,"50,000.00",c/s,03/06/2019,13:30,d05
not_filed,assault_-_2nd_degree,not_filed,"4,500.00",c/s,,,
18ba-cr01085,assault_1st_degree_or_attempt,,"50,000.00",c/s,03/16/2019,13:30,d05
20ba-cr00884-01,possession_of_controlled_substance_except_35_grams_or_less_o,,500.00,c/s,04/16/2020,14:00,
20ba-cr00446-01,"bond_rev_-_pcs,_poss_drug_para",,500.00,c/s,04/20/2020,13:30,
17ba-cr00519-01,"fta-delivery,pcs,dwi",,.00,nobd,06/08/2020,13:30,d02
1166070,probation_viol_-_amphetamine_poss_-_district_6,,.00,nobd,,,
warrant_signed,harassment_-_1st_degree,,"25,000.00",cash,05/11/2020,07:56,d07
20ba-cr01572,child_molestation_-_1st_degree,,"150,000.00",c/s,05/19/2020,13:00,
20ba-cr01572,child_molestation_-_2nd_degree_-child_less_than_12_yoa,,.00,c/s,05/19/2020,13:00,
19ba-cr03745,"assault_-_4th_degree_-_pursuant_to_subdivisions_(1),_(2),_(4",,"5,000.00",cash,04/29/2020,13:00,d05
19ba-cr02845,burglary_-_2nd_degree,,"5,000.00",c/s,01/15/2020,13:30,d05
19ba-cr02845,stealing_-_$750_or_more,,"2,500.00",c/s,01/15/2020,13:30,d05
20ba-cr01603,violation_of_order_of_protection_for_adult_-_1st_ofns,,"4,500.00",c/s,05/20/2020,09:00,
18ba-cr04274-01,fta:_poss_cont_subs,,"7,500.00",c/s,05/11/2020,13:30,d02
19ba-cr04784-01,prob_viol:_tampering_motor_vehicle_1st,,"10,000.00",c/s,05/11/2020,13:30,d02
20ba-cr01787,assault_-_2nd_degree,,"25,000.00",c/s,05/11/2020,13:00,
20ba-cr01787,unlawful_use_of_weapon_-_subsection_4_-_exhibiting,,.00,c/s,05/11/2020,13:00,
20ba-cr01787,armed_criminal_action,,.00,c/s,05/11/2020,13:00,
19ba-cr04747-01,delivery_of_controlled_substance_except_35_grams_or_less_of,,"50,000.00",cash,03/12/2020,13:30,
18ba-cr01249,armed_criminal_action,,"100,000.00",cash,03/25/2020,13:30,d05
18ba-cr01249,assault_1st_degree_-_serious_physical_injury_spec_victim,,"150,000.00",cash,03/25/2020,13:30,d05
not_filed,unlawful_use_of_weapon-subsection_9-shoot_at/from_motor_veh,not_filed,.00,c/s,,,
18ba-cr01136,stat_sodmy-1st-dev_sex_intr_w/prs_<_14-ser_phy_inj/dspl_dead,,"25,000.00",cash,04/16/2020,13:30,
16cocr0052401,ooc/cooper/probation_violation,,"4,500.00",cash,02/24/2020,09:00,
18ba-cr02294-01,burglary_-_2nd_degree,,"10,000.00",c/s,05/04/2020,13:30,
17ba-cro2613-01,"prob_viol:_dwr/dws,_resisting",,"5,000.00",cash,05/22/2020,13:30,d04
16ba-cro2804-01,prob_viol:_non-support,,"5,000.00",cash,05/22/2020,13:30,d04
19ba-cro4974-01,fta/forgery,,"1,000.00",c/s,05/04/2020,13:30,d11
18ba-cr02294-01,stealing,,"10,000.00",c/s,05/04/2020,13:30,d11
18ba-cr02294,property_damage_2nd_degree,,"10,000.00",c/s,03/20/2020,13:30,d11
20ba-cr00698-01,murder_1st_degree,,.00,nobd,03/02/2020,13:30,
19ba-cr04782,endangering_the_welfare_of_a_child_creating_substantial_risk,,"200,000.00",cash,06/06/2020,13:03,
19ba-cr04782-01,endangering_the_welfare_of_a_child_creating_substantial_risk,,"100,000.00",cash,05/26/2020,13:30,d01
19ba-cr04782-01,abuse_or_neglect_of_a_child_under_section_568.060.5(1),,"200,000.00",cash,06/06/2020,13:30,
19ba-cr03781-01,assault_1st_degree_or_attempt,,.00,nobd,05/11/2020,13:30,d05
not_filed,unlawful_possession_of_a_firearm,not_filed,.00,c/s,,,
19ba-cr03781-01,unlawful_use_of_weapon-subsection_9-shoot_at/from_motor_veh,,.00,nobd,05/11/2020,13:30,d05
19ba-cr03781-01,armed_criminal_action,,.00,nobd,05/11/2020,13:30,d05
19ba-cr03781-01,tampering_with_physical_evidence_in_felony_prosecution,,.00,nobd,05/11/2020,13:30,d05
19ba-cr00828,murder_2nd_degree_-_felony_murder_-_during_perpetration/atte,,"500,000.00",cash,05/11/2020,13:30,
19ba-cr00828,"leaving_scene_of_accident_-_property_damage_exceeding_$1,000",,"500,000.00",cash,05/11/2020,13:30,
18ba-cr02825-01,burglary_-_2nd_degree,,"12,500.00",cash,01/14/2019,13:30,d02
18ba-cr02825-01,tampering_with_motor_vehicle_-_1st_degree,,"12,500.00",cash,01/14/2019,13:30,d02
19ba-cr02828-01,ftfjo:harrassent_2nd____ob_gov_ops,,"50,000.00",cash,01/06/2020,13:30,d11
19bacr03457-01,stalking_-_1st_degree_-_1st_offense,,.00,nobd,02/03/2020,13:30,d11
19bacr04248,violation_of_order_of_protection_for_adult_-_2nd_ofns,,"10,000.00",c/s,05/26/2020,13:30,d11
20ba-cr01786,assault_1st_degree_or_attempt,,"100,000.00",c/s,05/11/2020,13:00,d05
20ba-cr01786,unlawful_use_of_weapon_-_subsection_4_-_exhibiting,,.00,c/s,05/11/2020,13:00,d05
20ba-cr01786,armed_criminal_action,,.00,c/s,05/11/2020,13:00,d05
19ba-cr05308,fojo/_orig:stealing,,"3,000.00",c/s,05/20/2020,09:00,d05
19ba-cr05273,fojo/_orig:_asslt_3rd,,"3,000.00",c/s,05/20/2020,09:00,d05
19ba-cr02664-01,statutory_sodomy_or_attempted_statutory_sodomy_-_deviate_sex,,"200,000.00",cash,03/10/2020,09:00,
19ba-cr02664-01,statutory_rape/attempt_stat_rape_-_1st_degree_-_less_14_yoa,,"200,000.00",cash,03/10/2020,09:00,
19ba-cr01041-01,possession_of_controlled_substance_except_35_grams_or_less_o,,"7,500.00",c/s,05/11/2020,13:30,
17ba-cr04455-01,murder_1st_degree,,"5,000,000.00",cash,12/16/2019,09:00,
15ba-cr03205,probation_violation_-_aslt_3rd,,"20,000.00",cash,05/13/2020,09:00,d11
warrant_signed,possession_of_controlled_substance_except_35_grams_or_less_o,,"5,000.00",c/s,05/08/2020,13:30,
warrant_signed,obstructing_government_operations,,.00,c/s,05/08/2020,13:30,
18ba-cr01575-01,stalking_-_1st_degree_-_1st_offense,,"39,000.00",cash,06/08/2020,13:30,d11
18ba-cr01575-01,harassment_-_2nd_degree,,.00,cash,06/08/2020,13:30,d11
20ba-cr01051,sexual_abuse_-_1st_degree,,"10,000.00",cash,06/03/2020,13:30,d05
18ba-cr04678-01,failure_to_obey_judge`s_orders/_poss_cont_sub,,.00,nobd,03/30/2020,13:30,
19ba-cr04855,domestic_assault_1st_degree-serious_physical_injury,,.00,nobd,01/30/2020,14:00,
20ba-cr01639,domestic_assault_2nd_deg,,"10,000.00",c/s,05/27/2020,09:00,
20ba-cr01639,"domestic_assault_4th_deg_-_1st_or_2nd_offense_(1),_(5)",,.00,c/s,05/27/2020,09:00,
18ba-cr04025-01,murder_2nd_degree_-_felony_murder_-_during_perpetration/atte,,"500,000.00",cash,06/08/2020,13:30,
18ba-cr04025-01,delivery_of_35_grams_or_less_of_marijuana_or_synthetic_canna,,.00,cash,06/08/2020,13:30,
18ra-cr00499,bond_revocation_(jail),,"2,000.00",c/s,,,
16ba-cr04200-01,fojo:_robbery_2nd,,"15,000.00",c/s,05/18/2020,13:30,d02
19ba-cr01762,assault_1st_degree_or_attempt,,"300,000.00",cash,01/27/2020,13:30,
19ba-cr01762,armed_criminal_action,,"100,000.00",cash,01/27/2020,13:30,
19ba-cr01762,unlawful_use_of_weapon-subsection_9-shoot_at/from_mv,,"100,000.00",cash,01/27/2020,13:30,
20ba-cr00437,robbery_-_1st_degree,,"200,000.00",c/s,04/07/2020,13:30,d05
20ba-cr00297,domestic_assault_1st_degree_-_1st_offense,,"150,000.00",cash,07/08/2020,13:30,d09
20ba-cr00297,armed_criminal_action,,.00,cash,07/08/2020,13:30,d09
20ba-cr00297,domestic_assault_-_2nd_degree,,.00,cash,07/08/2020,13:30,d09
20ba-cr01324,assault_-_3rd_degree_-_special_victim,,"50,000.00",c/s,06/11/2020,14:00,
20ba-cr01324,assault_-_3rd_degree,,.00,c/s,06/11/2020,14:00,
20ba-cr01325,assault_4th_deg_-_pursuant_to_subdivision_(3)_special_victim,,500.00,c/s,05/06/2020,09:00,
20ba-cr01634,tampering_with_electronic_monitoring_equipment,,"10,000.00",c/s,06/11/2020,14:00,
19ba-cr05399,fojo_p.c.s./del_cont_subst/resisting/aslt_4th,,.00,nobd,05/06/2020,09:00,d01
1347759,probation_violation_district_36_(dwi),,.00,nobd,,,
18ba-cr03952-01,fojo/rob1st/_aca/_asslt_1st/burg_1st/,,"400,000.00",cash,04/20/2020,13:30,d01
20ba-cr01509-01,domestic_assault_1st_degree_-_1st_offense,,.00,nobd,05/04/2020,13:30,
20ba-cr01509-01,endangering_the_welfare_of_a_child_creating_substantial_risk,,.00,nobd,05/04/2020,13:30,
20ba-cr01509-01,endangering_the_welfare_of_a_child_creating_substantial_risk,,.00,nobd,05/04/2020,13:30,
20ba-cr01509-01,endangering_the_welfare_of_a_child_creating_substantial_risk,,.00,nobd,05/04/2020,13:30,
20ba-cr01509-01,armed_criminal_action,,.00,nobd,05/04/2020,13:30,
17ba-cr02624-01,prob_viol:_dwr,,"5,000.00",c/s,05/04/2020,09:00,d03
17ba-cr03462-01,prob_viol:_kidnapping_2nd,,"5,000.00",c/s,05/04/2020,09:00,d03
20ba-cr00800,assault_1st_degree_or_attempt,,.00,nobd,05/13/2020,13:30,d11
20ba-cr00800,armed_criminal_action,,.00,nobd,05/13/2020,13:30,d11
20ba-cr01453,robbery_-_1st_degree,,"5,000.00",c/s,07/08/2020,13:30,
19ba-cr05498-01,property_damage_2nd_degree,,"25,000.00",cash,01/21/2020,13:30,
19ba-cr05498,stalking_-_1st_degree_-_1st_offense,,"25,000.00",cash,01/23/2020,09:00,
19ba-cr05498-01,property_damage_1st_degree,,"50,000.00",cash,01/21/2020,13:30,
19ba-cr05499-01,stalking_-_1st_degree_-_2nd_or_subsequent_offense,,"50,000.00",cash,01/21/2020,13:30,
19ba-cr05499-01,violation_of_order_of_protection_for_adult_-_2nd_ofns,,"50,000.00",cash,01/21/2020,13:30,
13ba-cr03367-01,"prob_viol:_aggravated_stalking,_viol_order_protection",,"5,000.00",c/s,03/20/2020,09:00,d04
19ba-cr04192-01,unlawful_use_of_weapon-subsection_9-shoot_at/from_motor_veh,,.00,nobd,02/24/2020,13:30,
19ba-cr04192-01,murder_2nd_degree,,.00,nobd,02/24/2020,13:30,
19ba-cr02197,fta_-_obstructing_government_operations,,500.00,c/s,06/16/2020,13:00,
20ba-cr00279,domestic_assault_-_2nd_degree,,"50,000.00",c/s,06/25/2020,14:00,
20ba-cr01504,assault_4th_deg_-_pursuant_to_subdivision_(6)_special_victim,,.00,c/s,06/25/2020,14:00,
20ba-cr01504,burglary_1st_degree,,"10,000.00",c/s,06/25/2020,14:00,
20ba-cr01504,resisting_or_interfering_with_arrest/detention/stop,,.00,c/s,06/25/2020,14:00,
15ba-cr03225-01,fojo/_orig:_leaving_the_scene_injury_prop_damage,,"25,000.00",cash,04/28/2020,13:30,d11
on_view,driving_while_revoked/suspended,,.00,nobd,05/11/2020,13:30,
summons,f/t_signal/gave_improper_signal_when_turning_lft_or_rght,,.00,sum,,,
on_view,dwi_-_habitual,,.00,nobd,05/11/2020,13:30,
on_view,tampering_with_physical_evidence_in_felony_prosecution,,.00,nobd,05/11/2020,13:30,
on_view,resisting/interfering_with_arrest_for_a_felony,,.00,nobd,05/11/2020,13:30,
20ba-cr01756,possession_of_controlled_substance_except_35_grams_or_less_o,,"20,000.00",c/s,05/07/2020,13:30,
13ba-cr01462-01,fta:_non-support,,"10,000.00",c/s,05/11/2020,13:30,d02
19ba-cr01066,property_damage_2nd_degree,,"2,500.00",c/s,01/29/2020,13:30,d05
not_filed,burglary_-_2nd_degree,not_filed,"4,500.00",c/s,,,d09
19ba-cr01066,trespass_-_1st_degree,,"2,500.00",c/s,01/29/2020,13:30,d05
20ba-cr01424,possession_of_controlled_substance_except_35_grams_or_less_o,,.00,nobd,06/25/2020,14:00,
20ba-cr01424,unlawful_use_of_weapon_-_subsection_4_-_exhibiting,,.00,nobd,06/25/2020,14:00,
20ba-cr01424,domestic_assault-4th_degree-1st_or_2nd_offense_(2)(3)(4)(6),,.00,nobd,06/25/2020,14:00,
18ba-cr04199-01,robbery_-_1st_degree,,"40,000.00",cash,01/13/2020,13:30,d03
18ba-cr04199-01,armed_criminal_action,,"5,000.00",cash,01/13/2020,13:30,d03
18ba-cr04199-01,stealing_-_physically_take,,"5,000.00",cash,01/13/2020,13:30,d03
19ba-cr04793-01,domestic_assault_-_3rd_degree,,"70,000.00",c/s,02/03/2020,13:30,d09
19ba-cr04793-01,burglary_1st_degree,,.00,c/s,02/03/2020,13:30,d09
19ba-cr02853,"ftojo-aslt_3rd,_resisting",,"3,000.00",c/s,03/05/2020,14:00,d05
20ba-cr00011,possession_of_controlled_substance_except_35_grams_or_less_o,,"13,000.00",cash,03/05/2020,14:00,
20ba-cr00011,unlawful_possession_of_a_firearm,,"13,000.00",cash,03/05/2020,14:00,
20ba-cr00011,disarming_a_peace_officer_or_correctional_officer_while_perf,,"13,000.00",cash,03/05/2020,14:00,
20ba-cr00011,resisting_or_interfering_with_arrest/detention/stop,,"13,000.00",cash,,,
18ba-cr04144-01,robbery_-_1st_degree,,"50,000.00",cash,,,
18ba-cr04144-01,armed_criminal_action,,"50,000.00",cash,,,
20ba-cr01496,possession_of_controlled_substance_except_35_grams_or_less_o,,"5,000.00",c/s,06/25/2020,14:00,
19au-cr00407-01,ooc_warrant_-_audrain_co_-_poss_cont_subt_x2_unlawf_drug_par,,"5,000.00",c/s,,,
16au-cr00782-01,ooc_warrant_-_audrain_co_-_burglary_2nd_&_stealing,,"5,000.00",c/s,,,
19ba-cr01442,fojo_dom._aslt_4th,,"8,000.00",c/s,05/13/2020,09:00,d05
19ba-cr00600-01,assault_1st_degree_or_attempt,,"50,000.00",cash,02/03/2020,09:00,
19ba-cr00600-01,armed_criminal_action,,"25,000.00",cash,02/03/2020,09:00,
a459955733,us_marshal_hold_(jail),,.00,nobd,,,
19ba-cr00600-01,unlawful_use_of_weapon-subsection_9-shoot_at/from_mv,,"20,000.00",cash,02/03/2020,09:00,
19ba-cr00600-01,unlawful_possession_of_a_firearm,,"5,000.00",cash,02/03/2020,09:00,
30355-045,us_marshal_hold_(jail),,.00,nobd,,,
19ba-cr01761-01,damage_to_jail/jail_property,,"10,000.00",c/s,04/20/2020,09:00,
20ba-cr00174,"assault_-_4th_deg_-_pursuant_to_subdivision_(2),_(4)",,"1,000.00",c/s,06/03/2020,09:00,
19ba-cr04300,abuse_or_neglect_of_a_child_-_serious_emotional_or,,.00,c/s,03/02/2020,13:30,
19ba-cr04300,abuse_or_neglect_of_a_child_under_section_568.060.5(1),,.00,c/s,02/26/2020,13:30,
19ba-cr04300,armed_criminal_action,,.00,c/s,02/26/2020,13:30,
19ba-cr04300,endangering_the_welfare_of_a_child_creating_substantial_risk,,.00,c/s,02/26/2020,13:30,
19ba-cr04300,endangering_the_welfare_of_a_child_creating_substantial_risk,,"110,000.00",c/s,02/26/2020,13:30,
19ba-cr00316-01,fta:_tamp_mtr_veh_1st,,"10,000.00",c/s,02/18/2020,09:00,d03
19cwcr02080,ooc/callaway/fta:_no_license,,100.00,c/s,,,oth
20ba-cr00662-01,resisting/interfering_with_arrest_for_a_felony,,"3,000.00",c/s,04/27/2020,13:30,
20ba-cr00662-01,unlawful_possession_of_drug_paraphernalia,,.00,c/s,04/27/2020,13:30,
19ba-cr04494-01,fta:_burglary_1st,,"5,000.00",c/s,04/06/2020,09:00,
19ba-cr02006-01,unlawful_use_of_weapon-subsection_9-shoot_at/from_motor_veh,,"40,000.00",cash,02/18/2020,13:30,
19ba-cr02006-01,armed_criminal_action,,"20,000.00",cash,02/18/2020,13:30,
19ba-cr02006-01,assault_1st_degree_-_serious_physical_injury_spec_victim,,"40,000.00",cash,02/18/2020,13:30,
19ba-cr02007-01,unlawful_use_of_weapon-subsection_9-shoot_at/from_motor_veh,,"40,000.00",cash,01/27/2020,13:30,d01
19ba-cr02007-01,armed_criminal_action,,"20,000.00",cash,01/27/2020,13:30,d01
19ba-cr02007-01,assault_1st_degree_-_serious_physical_injury_spec_victim,,"40,000.00",cash,01/27/2020,13:30,d01
19ba-cr03676-01,delivery_of_controlled_substance_except_35_grams_or_less_of,,"20,000.00",cash,03/16/2020,09:00,d09
140406509crcsrb,us_marshal_hold_(jail),,.00,nobd,,,fed
19ba-cr03676-01,possession_of_marijuana/synthetic_cannabinoid_of_10_grams_or,,.00,cash,03/16/2020,09:00,
19ba-cr03676-01,unlawful_possession_of_drug_paraphernalia_-_prior_drug_offen,,.00,cash,03/16/2020,09:00,
19ba-cr02054-01,unlawful_use_of_weapon-subsection_9-shoot_at/from_motor_veh,,"25,000.00",cash,11/14/2019,14:00,d05
19ba-cr02054-01,assault_1st_degree_-_serious_physical_injury_spec_victim,,"50,000.00",cash,11/14/2019,14:00,d05
19ba-cr02054-01,armed_criminal_action,,"25,000.00",cash,11/14/2019,14:00,d05
19ba-cr00916-01,delivery_of_controlled_substance_except_35_grams_or_less_of,,"100,000.00",cash,10/15/2019,13:30,d01
19ba-cr00916-01,endangering_the_welfare_of_a_child_involving_drugs-_1st_degr,,"100,000.00",cash,10/15/2019,13:30,d01
17mtcr0031501,ooc_warr:moniteau,,.00,nobd,,,oth
18accr0065401,ooc_warr:cole,,"10,000.00",c/s,,,oth
702863835,ooc_warr:monroe,,500.00,c/s,,,oth
17ba-cr00498-01,"prob_viol:_tamp_w/_mtr_veh,_resisting,_leaving_scene_of_acci",,"5,000.00",cash,05/22/2020,13:30,d04
19ba-cr01908,fta:_burg_2nd/stealing,,"30,000.00",c/s,02/10/2020,13:30,d05
19ba-cr02935-01,harassment_-_1st_degree,,"5,000.00",cash,02/10/2020,13:30,
19ba-cr02935-01,property_damage_2nd_degree,,"5,000.00",cash,02/10/2020,13:30,
20ba-cr00252,"unlawful_use_of_weapon_-_subsection_3_-_discharge_into_home,",,.00,nobd,02/24/2020,13:30,
20ba-cr00252,endangering_the_welfare_of_a_child_creating_substantial_risk,,.00,nobd,02/24/2020,13:30,
20ba-cr00252,armed_criminal_action,,.00,nobd,02/24/2020,13:30,
20ba-cr00252,unlawful_use_of_weapon-subsection_9-shoot_at/from_motor_veh,,.00,nobd,02/24/2020,13:30,
not_filed,domestic_assault_-_4th_degree_-_1st_or_2nd_offense,not_filed,"1,000.00",c/s,,,
not_filed,domestic_assault_-_4th_degree_-_1st_or_2nd_offense,not_filed,"1,000.00",c/s,,,
not_filed,domestic_assault_-_3rd_degree,not_filed,"1,000.00",c/s,,,
18ba-cr01013,domestic_assault_-_3rd_degree,,"7,500.00",c/s,04/30/2018,13:30,d05
not_filed,assault_-_2nd_degree_-_special_victim,not_filed,"13,000.00",c/s,,,
18ba-cr02656,property_damage_2nd_degree,,500.00,c/s,,,d05
18ba-cr02656,assault_1st_degree_-_serious_physical_injury_spec_victim,,.00,nobd,,,d05
19ba-cr04126,resisting_arrest/detention/stop_by_fleeing_-_creating_a_subs,,"10,000.00",c/s,06/25/2020,14:00,d05
19ba-cr04126,assault_-_3rd_degree,,"10,000.00",c/s,06/25/2020,14:00,d05
19ba-cr00743-01,fojo:burg_2nd/resist,,.00,nobd,05/11/2020,13:30,d01
19ba-cr04587,burglary_-_2nd_degree,,"25,000.00",cash,06/25/2020,14:00,d11
20ba-cr01015,assault_-_3rd_degree,,"25,000.00",cash,05/28/2020,14:00,
warrant_signed,domestic_assault_-_3rd_degree,,"15,000.00",cash,05/11/2020,13:30,
20ba-cr01720,"assault_4th_deg_-_pursuant_to_subdivision_(1),_(5)",,"1,000.00",c/s,05/11/2020,13:30,d09
on_view,domestic_assault_2nd_deg,,"100,000.00",cash,05/11/2020,13:30,
warrant_signed,obstructing_government_operations,,.00,cash,05/11/2020,13:30,
19ba-cr04363-01,unlawful_use_of_weapon-subsection_9-shoot_at/from_motor_veh,,"25,000.00",cash,01/21/2020,13:30,d11
19ba-cr04363-01,assault_1st_degree_or_attempt,,"50,000.00",cash,01/21/2020,13:30,d11
19ba-cr04363-01,armed_criminal_action,,"25,000.00",cash,01/21/2020,13:30,d11
20ba-cr01746,"domestic_assault_4th_deg_-_1st_or_2nd_offense_(1),_(5)",,"1,000.00",c/s,05/20/2020,09:00,
19ba-cr02662-01,murder_2nd_degree_-_felony_murder_-_during_perpetration/atte,,"500,000.00",cash,01/14/2020,09:00,d02
19ba-cr02662-01,armed_criminal_action,,"250,000.00",cash,01/14/2020,09:00,d02
19ba-cr02662-01,assault_1st_degree_-_serious_physical_injury_spec_victim,,"250,000.00",cash,01/14/2020,09:00,d02
19ba-cr05283-01,"fta:_poss_of_cont_sub,_dlvry_of_cont_sub",,"22,000.00",c/s,05/08/2020,13:30,d02
18ba-cr04685-01,"fta:_tamp_w/_mtr_veh,_dur",,"9,000.00",c/s,06/08/2020,13:30,
19ba-cr02093,fta:_poss_of_marij,,250.00,c/s,06/02/2020,13:30,
20ba-cr01013,unlawful_use_of_weapon-subsection_9-shoot_at/from_mv,,.00,cash,06/25/2020,14:00,
20ba-cr01013,domestic_assault_1st_degree_-_1st_offense,,"100,000.00",cash,06/25/2020,14:00,
20ba-cr01654,assault_-_2nd_degree,,"100,000.00",cash,05/27/2020,09:00,
20ba-cr01654,stealing_-_firearm/explosive_weapon/ammonium_nitrate,,.00,cash,05/27/2020,09:00,
20ba-cr01654,unlawful_use_of_weapon_-_subsection_4_-_exhibiting,,.00,cash,05/27/2020,09:00,
20ba-cr01654,unlawful_possession_of_a_firearm,,.00,cash,05/27/2020,09:00,
b459667643,us_marshall_hold_-_prob_viol:_cocaine-sell,,.00,nobd,,,fed
20ba-cr01717,resisting/interfering_with_arrest_for_a_felony,,.00,c/s,,,
20ba-cr01717,possession_of_controlled_substance_except_35_grams_or_less_o,,"10,000.00",c/s,05/26/2020,13:00,
19ba-cr04353,assault_4th_deg_-_pursuant_to_subdivision_(6),,"5,000.00",c/s,10/21/2020,10:00,
18ba-cr03821-01,fojo/stealing_-_4th_or_subsequent_stealing_offense_w/in_10_y,,"10,000.00",cash,03/09/2020,13:30,
20ba-cr00682,bond_rev_-_poss_cont_sub/end_welf_child,,"4,500.00",c/s,05/28/2020,14:00,
20ba-cr01029,possession_of_controlled_substance_except_35_grams_or_less_o,,"9,000.00",c/s,05/28/2020,14:00,
20ba-cr01030,forgery,,"4,500.00",c/s,05/28/2020,13:30,
20ba-cr01749,"leaving_scene_of_accident_-_property_damage_exceeding_$1,000",,"6,000.00",c/s,05/06/2020,13:00,
20ba-cr01749,dwi_-_prior,,.00,c/s,05/26/2020,13:00,
19ba-cr05104,sexual_misconduct_involving_a_child_under_15_-_1st_ofns,,"100,000.00",cash,12/19/2019,13:30,
19ba-cr05104,child_molestation_-_1st_degree,,"100,000.00",cash,12/19/2019,13:30,d09
19ba-cr05104,endangering_the_welfare_of_a_child_creating_substantial_risk,,"200,000.00",cash,12/19/2019,13:30,d09
19ba-cr05104,endangering_the_welfare_of_a_child_creating_substantial_risk,,"100,000.00",cash,,,
17ba-cr02008-01,ftojo_-_dur/dus,,"5,000.00",cash,06/01/2020,13:30,d04
16mn-cr00059,o/c_warrant_-_monroe_co_-_fta_-_dur/dus,,"2,000.00",c/s,06/23/2020,09:00,
19ba-cr05510,stealing,,"5,000.00",c/s,04/20/2020,13:30,
19ba-cr05510,forgery,,"10,000.00",c/s,04/20/2020,13:30,
26329-31,"oos:_temple,_tx_-_bell_co_-_forgery_by_passing_(sjf)",,.00,nobd,,,
26328-31,"oos:_temple,_tx_-_bell_co_-_forgery_by_passing_(sjf)",,"25,000.00",c/s,,,
19ba-cr05604,fugitive_from_out_of_state,,.00,nobd,12/23/2019,13:30,
19ba-cr05487-01,murder_2nd_degree,,"1,000,000.00",c/s,03/02/2020,09:00,
19ba-cr05487-01,armed_criminal_action,,.00,c/s,03/02/2020,09:00,
146012,out_of_state_warr/colorado_doc,,.00,nobd,,,
19ba-cr04193,unlawful_use_of_weapon-subsection_9-shoot_at/from_motor_veh,,.00,nobd,03/05/2020,09:00,d11
19ba-cr04193,murder_2nd_degree_-_felony_murder_-_during_perpetration/atte,,.00,nobd,03/05/2020,09:00,d11
19ba-cr04193,armed_criminal_action,,.00,nobd,03/05/2020,09:00,d11
19ba-cr04445-01,domestic_assault_2nd_deg,,.00,nobd,11/14/2019,14:00,
19ba-cr04445-01,unlawful_possession_of_a_firearm,,.00,nobd,11/14/2019,14:00,
19ba-cr04445-01,armed_criminal_action,,.00,nobd,11/14/2019,14:00,
19ba-cr04445-01,unlawful_use_of_weapon-subsection_9-shoot_at/from_motor_veh,,.00,nobd,01/13/2020,13:30,d01
19ba-cr04445-01,domestic_assault_1st_degree_-_1st_offense,,.00,nobd,01/13/2020,13:30,d01
19ba-cr04445-01,assault_1st_degree_or_attempt,,.00,nobd,01/13/2020,13:30,d01
17ba-cr02870-01,p&p_hold_(jail)_probation/stealing-firearm/exp/amm_nitrate,,.00,nobd,10/23/2019,13:30,
14ba-cr04121-01,p&p_hold_(jail)_probation/rec_stolen_prop,,.00,nobd,10/07/2019,13:30,d04
19ba-cr01674-01,unlawful_possession_of_a_firearm,,"15,000.00",cash,05/11/2020,14:00,
19ba-cr01674-01,resisting/interfering_with_arrest_for_a_felony,,"10,000.00",c/s,05/11/2020,14:00,
18ba-cr02525-01,ftojo:sex_offender_1st,,"10,000.00",c/s,05/11/2020,14:00,
18ba-cr02480-01,ftojo:dv1/aca/uuw/pcs/resisting,,"10,000.00",c/s,05/11/2020,14:00,
20ba-cr00438,voluntary_manslaughter,,.00,cash,03/16/2020,09:00,
20ba-cr00438,armed_criminal_action,,.00,cash,03/16/2020,09:00,
20ba-cr00438,assault_-_2nd_degree,,"500,000.00",cash,03/16/2020,09:00,
19ba-cr04911-01,fojo:_stealing_-_all_other_property_under_570.030.5(3),,.00,nobd,04/13/2020,13:30,d02
20ba-cr00772-01,assault_1st_degree_-_serious_physical_injury_spec_victim,,.00,nobd,03/26/2020,14:00,
20ba-cr00772-01,armed_criminal_action,,.00,nobd,03/16/2020,09:00,
20ba-cr01784,abuse_or_neglect_of_a_child_-_serious_emotional_or,,"25,000.00",cash,05/26/2020,13:30,
20ba-cr01426,trespass_-_1st_degree,,.00,c/s,05/12/2020,13:00,
20ba-cr01426,stealing_-_value_less_than_$150_and_no_prior_stealing_offens,,.00,c/s,05/12/2020,13:00,
20ba-cr01426,trespass_-_1st_degree,,"2,000.00",c/s,05/12/2020,13:00,
19ba-cr04847,possession_of_child_pornography_-_2nd/subsequent_offense,,"20,000.00",c/s,05/13/2020,13:30,
19ba-cr05791,burglary_1st_degree,,"10,000.00",c/s,05/07/2020,09:00,
19ba-cr05791,burglary_-_2nd_degree,,"10,000.00",c/s,05/07/2020,09:00,
19ba-cr05791,property_damage_1st_degree,,"5,000.00",c/s,02/04/2020,09:00,
180401901crcsrb,us_marshal_hold_(jail),,.00,nobd,,,
20ba-cr01559,statutory_sodomy_-_1st_degree_-_deviate_sexual_intercourse_w,,"100,000.00",cash,06/25/2020,14:00,
1269613,parole_-_assault,,.00,nobd,,,
warrant_signed,unlawful_possession_of_a_firearm,,"30,000.00",cash,05/08/2020,13:30,
20ba-cr01646,domestic_assault_-_3rd_degree,,.00,cash,05/27/2020,09:00,d11
20ba-cr01646,domestic_assault_-_4th_degree_-_3nd_or_subsequent_offense,,.00,cash,05/27/2020,09:00,d11
20ba-cr01646,unlawful_use_of_weapon_-_subsection_4_-_exhibiting,,"25,000.00",cash,05/27/2020,09:00,d11
20ba-cr01775,assault_4th_deg_-_pursuant_to_subdivision_(3),,"1,000.00",cash,05/27/2020,09:00,
6m-19-01533-mo,unlisted_municipal_violation_(jail)/trespass,,100.00,c/s,04/17/2020,09:00,
19ba-cr05020-01,stealing_-_all_other_property_under_570.030.5(3),,"2,500.00",c/s,03/02/2020,13:30,
not_filed,fraudulent_use_of_a_credit/debit_device,,500.00,c/s,11/12/2019,13:30,
19ba-cr05020-01,stealing_-_all_other_property_under_570.030.5(3),,"2,500.00",c/s,01/06/2020,13:30,
19ba-cr03043-01,"ftf:_arson_2nd,_burglary_2nd",,.00,nobd,05/26/2020,13:30,d01
20ba-cr01425,unlawful_use_of_weapon_-_subsection_4_-_exhibiting,,.00,nobd,05/28/2020,14:00,
20ba-cr01425,domestic_assault_-_3rd_degree,,.00,nobd,05/28/2020,14:00,
18ba-cr00278,terrorist_threat_-_2nd_degree,,"50,000.00",cash,,,d05
18-3006-mj-wje,federal_bureau_prisons_(jail)_-_poss_of_firearm_silencer,,.00,nobd,,,fed
17ac-cr02903,out_of_county_warrant_(jail)_-_cole_co_-_terroristic_threat,,"1,000.00",c/s,,,oth
19ba-cr02596-01,possession_of_child_pornography_-_1st_offense,,"25,000.00",cash,02/24/2020,13:30,d09
19ba-cr02596-01,promoting_child_pornography_1st_degree,,"25,000.00",cash,02/24/2020,13:30,d09
20ba-cr01715,endangering_the_welfare_of_a_child_involving_drugs-_1st_degr,,"20,000.00",cash,05/26/2020,13:00,
20ba-cr01715,possession_of_marijuana/synthetic_cannabinoid_of_11-35_grams,,.00,cash,05/26/2020,13:00,
20ba-cr01715,unlawful_possession_of_drug_paraphernalia_-_prior_drug_offen,,.00,cash,05/26/2020,13:00,
20ba-cr01715,possession_of_controlled_substance_except_35_grams_or_less_o,,.00,cash,05/26/2020,13:00,d09
20ba-cr01037,fail_to_register_as_a_sex_offender_pursuant_to_secs_589.400-,,"10,000.00",c/s,04/07/2020,13:30,
20ba-cr01037,prior_offndr_reside_w/in_1000_ft_of_school/child_care_fac_af,,.00,c/s,06/03/2020,13:30,
20ba-cr00478-01,domestic_assault_2nd_deg,,.00,nobd,03/02/2020,09:00,
19ba-cr05241,fta_(oridanance_violation_),,250.00,c/s,05/13/2020,09:00,
19ba-cr03036,ftfjo_(domestic_4th),,"3,000.00",c/s,05/13/2020,09:00,
19cwcr02137,oocw_callaway_co_(moving_violation),,125.00,c/s,,,
20ba-cr00741,property_damage_2nd_degree,,"2,500.00",c/s,05/13/2020,09:00,
20ba-cr00042-01,domestic_assault_2nd_deg,,"25,000.00",cash,03/02/2020,09:00,
20ba-cr00042-01,endangering_the_welfare_of_a_child_creating_substantial_risk,,.00,cash,03/02/2020,09:00,
20ba-cr00042-01,domestic_assault_-_3rd_degree,,.00,cash,03/02/2020,09:00,
20ba-cr00678,fojo_dv3/robb_1st/poss_fire/aca/stealing/prop_dam,,"10,000.00",c/s,05/13/2020,09:00,d05
warrant_signed,possession_of_controlled_substance_except_35_grams_or_less_o,,"10,000.00",cash,05/11/2020,13:30,
warrant_signed,resisting/interfering_with_arrest_for_a_felony,,.00,cash,05/11/2020,13:30,
6m-19-00120-mo,muni_::_trespass_1st,,500.00,c/s,,,muni
18ba-cr01384,fta_::_shoplifting,,"2,000.00",c/s,05/11/2020,13:30,d11
18ba-cr02496,fta_::_larceny,,"3,000.00",c/s,05/11/2020,13:30,d11
18ba-cr02272,prob_viol_::_assault,,"2,000.00",cash,05/11/2020,13:30,d11
18accr02860,cole_co_::_fta:_shoplifting,,"5,000.00",c/s,,,oth
19ba-cr05518,stealing_-_$750_or_more,,"1,000.00",c/s,05/11/2020,13:30,d11
19ba-cr05518,stealing_-_$750_or_more,,.00,c/s,05/11/2020,13:30,d11
20ba-cr01444,resisting_or_interfering_with_arrest/detention/stop,,500.00,c/s,05/11/2020,13:30,d09
20ba-cr01444,trespass_-_1st_degree,,.00,c/s,05/11/2020,13:30,
17ba-cr00901-01,armed_criminal_action,,.00,cash,05/04/2020,13:30,
17ba-cr00901-01,murder_2nd_degree_-_felony_murder_-_during_perpetration/atte,,"1,000,000.00",cash,05/04/2020,13:30,
17ba-cr00901-01,discharge/shoot_firearm_at_or_from_motor_vehicle,,.00,cash,05/04/2020,13:30,
17ba-cr00901-01,assault_-_2nd_degree,,.00,cash,05/04/2020,13:30,
19ba-cr03477-01,statutory_rape_-_2nd_degree,,"100,000.00",c/s,11/06/2019,13:30,
19ba-cr02682,receiving_stolen_property,,"9,000.00",c/s,02/03/2020,13:30,
17ba-cr00097-01,p&p_hold_(jail),,"5,000.00",c/s,11/08/2019,09:00,
18ba-cr00079-01,p&p_hold_(jail),,"5,000.00",c/s,11/08/2019,09:00,
18ba-cr01858-01,p&p_hold_(jail),,"5,000.00",c/s,10/11/2019,13:30,
19ba-cr02623-02,armed_criminal_action,,"50,000.00",cash,04/13/2020,13:30,
19ba-cr02623-01,assault_1st_degree_-_serious_physical_injury_spec_victim,,"50,000.00",cash,04/13/2020,13:30,
19ba-cr02623-01,assault_1st_degree_-_serious_physical_injury_spec_victim,,"50,000.00",cash,04/13/2020,13:30,
19ba-cr02623-01,armed_criminal_action,,"50,000.00",cash,04/13/2020,13:30,
18ba-cr03781-01,rape_or_attmpt_rape-1st_deg,,.00,nobd,01/27/2020,09:00,
18ba-cr03781-01,sodomy_or_attempted_sodomy_-_1st_degree,,.00,nobd,01/27/2020,09:00,
18ba-cr03781-01,sodomy_or_attempted_sodomy_-_1st_degree,,.00,nobd,01/27/2020,09:00,
18ba-cr03781-01,invasion_of_privacy,,.00,nobd,01/27/2020,09:00,
18ba-cr03781-01,invasion_of_privacy,,.00,nobd,01/27/2020,09:00,
18ba-cr03781-01,invasion_of_privacy,,.00,nobd,01/27/2020,09:00,
18ba-cr03781-01,invasion_of_privacy,,.00,nobd,,,
17ba-cr03900-01,fta_-_tampering_m/v_1st,,"10,000.00",cash,03/16/2020,13:30,d02
20ba-cr01607,resisting/interfering_with_arrest_for_a_felony,,"5,000.00",c/s,06/25/2020,14:00,d09
13ba-cr02335-01,fojo-dist/del/manf_a_controlled_substance,,.00,nobd,05/11/2020,13:30,d01
15ba-cr00420-01,prob-rec_stolen_prop,,"2,500.00",c/s,05/11/2020,13:30,
19ba-cr01494,fta-dwr/dws,,500.00,c/s,05/19/2020,13:00,
14ba-cr03627-01,prob-poss_of_con_sub,,"2,500.00",c/s,05/11/2020,13:30,
18ba-cr00430-01,prob-poss_of_con_sub,,"2,500.00",c/s,05/11/2020,13:30,
18ba-cr01247-01,prob-poss_of_con_sub,,"2,500.00",c/s,05/11/2020,13:30,
1531-cr00543-01,ooc/greene/prob:rob_1st,,.00,nobd,,,oth
20ba-cr00474,brev:_kidnapping_2nd/dv_2nd,,"9,000.00",c/s,05/07/2020,09:00,
18ba-cr03951-01,fta:_rob_1st/aca/aslt_1st/burg_1st,,"50,000.00",c/s,03/19/2020,13:30,d03
19ba-cr04717,fta:_stealing_firearm/explosive_weapons,,"50,000.00",c/s,05/07/2020,09:00,d11
18ba-cr00864,kidnapping_-_1st_degree,,"100,000.00",cash,,,d01
18ba-cr00864,rape_or_attmpt_rape-1st_deg,,"100,000.00",cash,,,d01
19ba-cr01365-01,sodomy_or_attempted_sodomy_-_1st_degree,,"250,000.00",c/s,,,d01
19ba-cr01365-01,kidnapping_-_facilitating_a_felony_-_inflicting_injury,,"200,000.00",c/s,,,d01
19ba-cr01365-01,false_impersonation_law_enforcement_officer,,"50,000.00",c/s,,,d01
18ba-cr03355-01,p&p_hold_(jail)_prob_endangering_welfare_child_1st,,"5,000.00",cash,05/04/2020,13:30,d04
19ba-cr02252-01,robbery_-_1st_degree,,"30,000.00",cash,11/06/2019,13:30,sta
19ba-cr02252-01,armed_criminal_action,,"10,000.00",cash,11/06/2019,13:30,sta
19ba-cr02252-01,resisting/interfering_with_arrest_for_a_felony,,"10,000.00",cash,10/21/2019,13:30,sta
18ba-cr01675-01,failure_to_obey_judge`s_orders,,"5,000.00",cash,,,sta
20ba-cr01532,domestic_assault_-_2nd_degree,,"50,000.00",cash,06/11/2020,14:00,
20ba-cr01718,resisting_or_interfering_with_arrest/detention/stop,,.00,c/s,05/27/2020,09:00,
20ba-cr01718,domestic_assault_-_3rd_degree,,.00,c/s,05/27/2020,09:00,
20ba-cr01718,assault_-_3rd_degree_-_special_victim,,"30,000.00",c/s,05/27/2020,09:00,
19ba-cr03931-01,assault_1st_degree_-_serious_physical_injury_spec_victim,,.00,nobd,03/16/2020,13:30,
19ba-cr03931-01,unlawful_use_of_weapon-subsection_9-shoot_at/from_motor_veh,,.00,nobd,03/16/2020,13:30,
19ba-cr03931-01,endangering_the_welfare_of_a_child_2nd_degree,,.00,nobd,03/16/2020,13:30,
19ba-cr03931-01,armed_criminal_action,,.00,nobd,03/16/2020,13:30,
18ba-cr00291-01,ftojo:disc/shoot_firearm,,.00,nobd,03/16/2020,13:30,
18ba-cr02979-01,robbery_-_1st_degree,,"50,000.00",c/s,05/11/2020,13:30,
18ba-cr02979-01,armed_criminal_action,,"50,000.00",c/s,05/11/2020,13:30,
20ba-cr00732,murder_2nd_degree_-_felony_murder_-_during_perpetration/atte,,.00,nobd,03/26/2020,14:00,
19ba-cr01019-01,assault_-_2nd_degree,,"25,000.00",c/s,05/11/2020,13:30,
19ba-cr01019-01,armed_criminal_action,,"25,000.00",c/s,05/11/2020,13:30,
19ba-cr01019-01,assault_1st_degree_or_attempt,,"25,000.00",cash,05/11/2020,13:30,
19ba-cr01051-01,assault_-_2nd_degree,,"25,000.00",cash,05/11/2020,13:30,
19ba-cr01051-01,assault_1st_degree_-_serious_physical_injury_spec_victim,,"50,000.00",cash,05/11/2020,13:30,
19ba-cr01051-01,armed_criminal_action,,"50,000.00",cash,05/11/2020,13:30,
20ba-cr00186,possession_of_marijuana/synthetic_cannabinoid_of_10_grams_or,,.00,nobd,06/25/2020,14:00,d09
20ba-cr00186,assault_1st_degree_or_attempt,,.00,nobd,06/25/2020,14:00,
20ba-cr00186,burglary_1st_degree,,.00,nobd,06/25/2020,14:00,
20ba-cr00186,armed_criminal_action,,.00,nobd,06/25/2020,14:00,
20ba-cr01716,domestic_assault_-_3rd_degree,,"10,000.00",c/s,05/27/2020,13:30,
18ba-cr00841-01,abuse_or_neglect_of_a_child_-_resulting_in_death_under_sec.,,"500,000.00",cash,03/16/2020,13:30,
19ba-cr00112-01,endanger_correctional_emp/vistr/anothr_offndr_by_atmpt/knw_c,,"3,000.00",c/s,,,
19ba-cr00112-01,"assault_4th_deg_-_pursuant_to_subdivision_(1),_(5)",,"2,000.00",c/s,,,
18ba-cr03064-01,assault_1st_degree_-_serious_physical_injury_spec_victim,,.00,nobd,02/18/2020,13:30,d02
18ba-cr03064-01,armed_criminal_action,,.00,nobd,02/18/2020,13:30,d02
18ba-cr00570-01,probation_harassment_2nd,,"20,000.00",c/s,06/08/2020,13:30,d02
18ba-cr04149,fta_(stealing_$750_or_more),,"9,000.00",c/s,05/18/2020,13:30,
17ba-cr00163-01,p&p_hold_(jail)_probation_viol/_dwi_chronic,,.00,nobd,05/11/2020,13:30,d11
19ba-cr00483-01,assault_1st_degree_-_serious_physical_injury_spec_victim,,.00,nobd,06/01/2020,13:30,
19ba-cr00483-01,armed_criminal_action,,.00,nobd,06/01/2020,13:30,
19ba-cr00483-01,unlawful_possession_of_a_firearm,,.00,nobd,06/01/2020,13:30,
19ba-cr00483-01,murder_2nd_degree,,.00,nobd,06/01/2020,13:30,
19ba-cr00974-01,prob_viol_::_pcs,,"1,000.00",c/s,06/01/2020,09:00,d03
19ba-cr02909-01,prob_viol_::_forgery,,"1,000.00",c/s,06/01/2020,09:00,d03
19ba-cr00244-01,prob_viol_::_pcs_x2,,"1,000.00",c/s,06/01/2020,09:00,d03
20ba-cr01062,rape_or_attmpt_rape-1st_deg,,"100,000.00",cash,06/25/2020,14:00,
20ba-cr01062,statutory_rape_-_2nd_degree,,.00,cash,06/25/2020,14:00,
warrant_signed,abuse_or_neglect_of_a_child_under_section_568.060.5(1),,"20,000.00",c/s,06/02/2020,13:30,
18ba-cr04236,arson_1st_degree,,.00,nobd,04/02/2019,13:30,d11
18ba-cr01566,failure_to_obey_judge`s_orders,,"2,500.00",c/s,,,d05
18ba-cr01566,failure_to_obey_judge`s_orders,,"2,500.00",c/s,,,d11
19ba-cr01782,trespass_-_1st_degree,,100.00,c/s,,,d11
19ba-cr01772,trespass_-_1st_degree,,100.00,c/s,,,d11
19ba-cr01775,trespass_-_1st_degree,,100.00,c/s,,,d11
19ba-cr01777,trespass_-_1st_degree,,100.00,c/s,,,d11
19ba-cr01778,trespass_-_1st_degree,,100.00,c/s,,,d11
19ba-cr01779,trespass_-_1st_degree,,100.00,c/s,,,d11
19ba-cr01780,trespass_-_1st_degree,,100.00,c/s,,,d11
17ba-cr00880-01,fta:_robbery_1st,,"50,000.00",c/s,05/18/2020,13:30,d04
19ba-cr02942,fta:_resisting,,"10,000.00",c/s,04/29/2020,13:30,d09
20ba-cr00639,delivery_or_possession_of_weapon_at_county/private_jail/corr,,"200,000.00",cash,04/15/2020,09:00,
20ba-cr00639,damage_to_jail/jail_property,,.00,cash,03/04/2020,13:30,
20ba-cr00639,escape_or_attempted_escape_from_custody_while_under_arrest_f,,.00,cash,04/15/2020,09:00,
19ba-cr05748-01,robbery_-_1st_degree,,"49,000.00",c/s,02/13/2020,09:00,d09
19cwcr00722,ooc/_callaway_co/_fta/_poss_cont_sub/unlawful_use_of_weapon,,"1,000.00",c/s,,,oth
19ba-cr05748-01,"assault_4th_deg_-_pursuant_to_subdivision_(1),_(5)",,.00,c/s,05/06/2020,09:00,
20ba-cr00192-01,assault_1st_degree_or_attempt,,"100,000.00",cash,02/24/2020,13:30,d09
20ba-cr00192-01,burglary_1st_degree,,.00,cash,02/24/2020,13:30,d09
20ba-cr00192-01,armed_criminal_action,,.00,cash,02/24/2020,13:30,d09
17ba-cr04306-01,prob-possession_of_controlled_substance,,"5,000.00",cash,06/01/2020,13:30,d04
20ba-cr01755,possession_of_controlled_substance_except_35_grams_or_less_o,,"10,000.00",c/s,05/26/2020,13:30,
20ba-cr01464,unlawful_possession_of_a_firearm,,"10,000.00",cash,05/19/2020,13:00,
19ba-cr04374,fta-dwr/dws,,500.00,c/s,05/19/2020,13:00,d09
19ba-cr00486,fta-dwr/dws,,"1,000.00",c/s,05/19/2020,13:00,d09
18ba-cr00384-01,fta-stealing/prop_damg_1st,,.00,nobd,05/11/2020,13:30,d02
19ba-cr02980,fta-unl_poss_of_firearm/poss_of_marij,,"20,000.00",c/s,05/19/2020,13:00,d09
19ba-cr00633,fta-leaving_scene_of_accident,,"10,000.00",c/s,05/19/2020,13:00,d09
19ba-cr01357,fta-dwr/dws,,500.00,c/s,05/19/2020,13:00,d09
19ba-cr04373,fta-dwr/dws,,500.00,c/s,05/19/2020,13:00,d09
20ba-cr01440,unlawful_use_of_weapon-subsection_9-shoot_at/from_mv,,.00,nobd,05/19/2020,13:00,d01
20ba-cr01440,assault_1st_degree_or_attempt,,.00,nobd,05/19/2020,13:00,d01
20ba-cr01440,armed_criminal_action,,.00,nobd,05/19/2020,13:00,d01
20ba-cr01440,unlawful_possession_of_a_firearm,,.00,nobd,05/19/2020,13:00,d01
20ba-cr01464,possession_of_marijuana/synthetic_cannabinoid_of_10_grams_or,,.00,c/s,05/19/2020,13:00,
17ba-cr02226-01,commit:_dom_asslt_4th,,.00,nobd,,,
19ba-cr00949,fojo/violation_of_order_of_protection:dv4,,.00,nobd,06/25/2020,14:00,d05
20ba-cr01126,fojo/poss_of_control_sub:violation_of_order_of_protection,,.00,nobd,06/25/2020,14:00,d05
20ba-cr01497,stalking_-_1st_degree_-_1st_offense,,.00,nobd,06/25/2020,14:00,d03
20ba-cr01497,violation_of_order_of_protection_for_adult_-_1st_ofns,,.00,nobd,06/25/2020,14:00,d03
20ba-cr00749,terrorist_threat_-_2nd_degree,,"100,000.00",c/s,06/11/2020,09:00,
19ba-cr01374,bond_rev_-_fta_stealing,,"1,000.00",c/s,04/30/2020,14:00,
19ba-cr05508,assault_1st_degree_or_attempt,,.00,nobd,06/25/2020,14:00,d09
19ba-cr05508,domestic_assault_1st_degree_-_1st_offense,,.00,nobd,06/25/2020,14:00,
19ba-cr05508,unlawful_use_of_weapon-subsection_9-shoot_at/from_motor_veh,,.00,nobd,06/25/2020,14:00,
19ba-cr04487,dwi_-_habitual,,"25,000.00",cash,03/09/2020,13:30,d09
19ba-cr02530-01,domestic_assault_-_2nd_degree,,"4,500.00",c/s,02/10/2020,13:30,d01
19ba-cr03177-01,assault_-_3rd_degree_-_special_victim,,"4,500.00",c/s,02/10/2020,13:30,d01
19ba-cr03621,"assault_-_4th_degree_-_pursuant_to_subdivisions_(3),_(6)_-_s",,"10,000.00",c/s,02/10/2020,13:30,d01
365781839,immigration_detainer_(jail),,.00,nobd,,,fed
20ba-cr01638,"assault_4th_deg_-_pursuant_to_subdivision_(1),_(5)",,.00,c/s,05/12/2020,13:00,
20ba-cr01638,trespass_-_1st_degree,,.00,c/s,05/12/2020,13:00,
20ba-cr01638,property_damage_1st_degree,,"2,000.00",c/s,05/12/2020,13:00,
20ba-cr00550,fojo_:_forgery_x4_/_financial_exploitation_of_an_elder_/_fra,,"50,000.00",c/s,04/23/2020,09:00,d09
20ba-cr00710,stealing_-_$750_or_more,,"5,000.00",cash,04/23/2020,09:00,
1110164,parole_violation_(dangerous_drugs),,.00,nobd,,,
on-view,tampering_with_motor_vehicle_-_1st_degree,,"4,500.00",c/s,05/11/2020,13:30,d07
6m-19-00653-mo,muni_::_trespass_1st,,400.00,c/s,,,muni
19ba-cr05402,fta_::_stealing_/_trespassing,,250.00,c/s,05/11/2020,13:30,d09
onview,possession_of_controlled_substance_except_35_grams_or_less_o,,"4,500.00",c/s,05/11/2020,13:30,
6m-19-00920-mo,muni/cpd/stealing,,250.00,c/s,,,muni
20ba-cr01597,assault_-_3rd_degree_-_special_victim,,.00,nobd,05/27/2020,09:00,
20ba-cr01597,escape_or_attempted_escape_from_custody_while_under_arrest_f,,.00,nobd,05/27/2020,09:00,
20ba-cr01214,child_kidnapping,,"20,000.00",cash,05/12/2020,13:00,d09
20ba-cr01214,tampering_with_motor_vehicle_-_1st_degree,,.00,cash,05/12/2020,13:00,
19ba-cr04670-01,armed_criminal_action,,"100,000.00",cash,03/16/2020,09:00,
19ba-cr04670-01,murder_2nd_degree,,"100,000.00",cash,03/16/2020,09:00,
19ba-cr04492,sexual_misconduct_-_1st_degree_-_1st_offense,,"2,500.00",c/s,06/30/2020,13:00,
19ba-cr04195-01,assault_-_2nd_degree,,"50,000.00",cash,01/21/2020,09:00,d09
19ba-cr04195-01,property_damage_1st_degree,,"50,000.00",cash,01/21/2020,09:00,d09
19ba-cr04195-01,unlawful_use_of_weapon_-_subsection_5_-_while_intoxicated_-,,"50,000.00",cash,01/21/2020,09:00,d09
19ba-cr04195-01,armed_criminal_action,,"100,000.00",cash,11/18/2019,09:00,d09
19ba-cr04004-01,bond_revocation_(jail)/assault_4th/pcs,,"5,000.00",c/s,11/06/2019,13:30,d09
19ba-cr03999-01,bond_revocation_(jail)/burg_1st,,"20,000.00",c/s,11/06/2019,13:30,d09
17ba-cr02092,bond_revocation_(jail)/dwr,,"3,000.00",c/s,06/30/2020,13:00,d01
200244,lincoln/prob-dom_aslt_3rd,,.00,nobd,,,
20ba-cr00825,assault_1st_degree_or_attempt,,"50,000.00",cash,04/30/2020,14:00,
20ba-cr00825,property_damage_2nd_degree,,.00,cash,04/30/2020,14:00,
19ba-cr00851-01,"ftojo_(burglary_2nd,_assault_4th_x2,_prop_dmg_1st)",,"5,000.00",cash,06/01/2020,09:00,
18ba-cr04451-01,possession_of_controlled_substance_except_35_grams_or_less_o,,"5,000.00",c/s,05/11/2020,13:30,
18ba-cr04451-01,resisting_or_interfering_with_arrest/detention/stop,,"5,000.00",c/s,05/11/2020,13:30,
18ba-cr04451-01,possession_of_marijuana/synthetic_cannabinoid_of_10_grams_or,,"5,000.00",c/s,05/11/2020,13:30,
19ba-cr00532-01,statutory_sodomy_or_attempted_statutory_sodomy_-_deviate_sex,,"75,000.00",cash,05/11/2020,13:30,
19ba-cr00532-01,resisting/interfering_with_arrest_for_a_felony,,"25,000.00",cash,05/11/2020,13:30,
14ba-cr04423-01,"prob_viol:_burg_1st,_burg_2nd",,"30,000.00",c/s,05/29/2020,13:30,d03
19ba-cr04586-01,burglary_1st_degree,,.00,nobd,03/02/2020,13:30,
19ba-cr04586-01,stealing_-_firearm/explosive_weapon/ammonium_nitrate,,.00,nobd,03/02/2020,09:00,
19ba-cr04586-01,stealing_-_$750_or_more,,.00,nobd,03/02/2020,09:00,
16-04043-01-cr-,us_marshal_hold_(jail),,.00,nobd,,,
180516948,ooc:boonville_pd/fta:_speed,,150.00,cash,11/18/2019,09:00,oth
19ba-cr04586-01,burglary_-_2nd_degree,,.00,nobd,03/02/2020,09:00,
19ba-cr04586-01,possession_of_controlled_substance_except_35_grams_or_less_o,,.00,nobd,03/02/2020,09:00,
19ba-cr04586-01,unlawful_possession_of_a_firearm,,.00,nobd,03/02/2020,09:00,
19ba-cr04586,receiving_stolen_property,,.00,nobd,02/04/2020,13:30,
14ba-cr02373-01,"probation_viol:_poss_cont_sub,resisting",,"5,000.00",cash,06/19/2020,13:30,
19ba-cr03802-01,rape_or_attmpt_rape-1st_deg,,.00,nobd,02/18/2020,13:30,d02
on_view,domestic_assault_1st_degree-serious_physical_injury,,.00,nobd,10/15/2019,13:30,d02
19ba-cr03802-01,kidnapping_-_1st_degree,,.00,nobd,02/18/2020,13:30,d02
19ba-cr03802-01,rape_or_attempted_rape_-_1st_degree_-_aggravated_sexual_offe,,.00,nobd,02/18/2020,13:30,d02
19ba-cr03802-01,sodomy_or_attempted_sodomy_-_1st_degree,,.00,nobd,10/15/2019,13:30,d02
on_view,endangering_the_welfare_of_a_child_creating_substantial_risk,,.00,nobd,10/15/2019,13:30,d02
on_view,armed_criminal_action,,.00,nobd,10/15/2019,13:30,d02
on_view,tampering_with_physical_evidence_in_felony_prosecution,,.00,nobd,10/15/2019,13:30,d02
702749349,out_of_county_warrant_(jail),,.00,c/s,,,oth
18ba-cr04237-01,stealing_-_firearm/explosive_weapon/ammonium_nitrate,,"25,000.00",cash,03/20/2020,10:30,d04
18ba-cr04237-01,possession_of_controlled_substance_except_35_grams_or_less_o,,"25,000.00",cash,03/20/2020,10:30,d04
18ba-cr04237-01,unlawful_possession_of_a_firearm,,"100,000.00",cash,03/20/2020,10:30,d04
19ba-cr00973-01,delivery_of_controlled_substance_except_35_grams_or_less_of,,"75,000.00",cash,03/20/2020,10:30,d04
19ba-cr00973-01,unlawful_possession_of_a_firearm,,"25,000.00",cash,03/20/2020,10:30,d04
18a-cr04237-01,discharge/shoot_firearm_at_or_from_motor_vehicle,,"100,000.00",cash,03/20/2020,10:30,d04
19ba-cr04980,statutory_sodomy_or_attempted_statutory_sodomy_-_deviate_sex,,.00,nobd,06/10/2020,13:30,d05
19ba-cr02157-01,"fta:_unlwfl_poss_f/a,_resisting,_poss_marij",,"10,000.00",cash,12/23/2019,13:30,d01
w50651509,ooc/stl_co_pd/prob_viol:_stolen_vehicle,,250.00,cash,,,oth
19ba-cr03851-01,assault_1st_degree_-_serious_physical_injury_spec_victim,,.00,nobd,01/14/2020,08:15,d05
19ba-cr03851-01,armed_criminal_action,,.00,nobd,01/13/2020,13:30,d05
20ba-cr01462,possession_of_controlled_substance_except_35_grams_or_less_o,,"1,000.00",c/s,04/23/2020,13:30,d05
19ba-cr03782-01,"prob_viol:_burglary_2nd,_tamper_w/mtr_veh_1st",,"10,000.00",cash,05/26/2020,13:30,d01
17ba-cr03708-01,prob_viol:_stealing_$750_or_more_(3_counts),,"10,000.00",cash,05/26/2020,13:30,d01
19accr02470,ooc_warrant_-_cole_co_-_fta:_stealing,,.00,nobd,,,
not_filed,domestic_assault_2nd_deg,not_filed,.00,nobd,01/07/2020,13:30,
20ba-cr00075-01,domestic_assault_2nd_deg,,.00,c/s,03/05/2020,14:00,
20ba-cr00075-01,domestic_assault_2nd_deg,,.00,c/s,03/05/2020,14:00,
20ba-cr00075-01,armed_criminal_action,,"20,000.00",c/s,03/05/2020,14:00,
20ba-cr01745,"assault_4th_deg_-_pursuant_to_subdivision_(1),_(5)",,"2,500.00",c/s,05/20/2020,09:00,
19ba-cr03280-01,statutory_rape/attempt_stat_rape_-_1st_degree_-_less_14_yoa,,"100,000.00",cash,10/10/2019,14:00,d05
